Date,time1,time2,time3,time4,time5,time6
Mon 1 Jan 2024,6:32,8:18,12:11,2:17,4:04,5:50
Tue 2 Jan 2024,6:32,8:18,12:11,2:18,4:05,5:51
Wed 3 Jan 2024,6:32,8:18,12:12,2:19,4:06,5:52
Thu 4 Jan 2024,6:32,8:18,12:12,2:20,4:07,5:53
Fri 5 Jan 2024,6:32,8:17,12:13,2:21,4:09,5:54
Sat 6 Jan 2024,6:32,8:17,12:13,2:23,4:10,5:55
Sun 7 Jan 2024,6:31,8:17,12:14,2:24,4:11,5:56
Mon 8 Jan 2024,6:31,8:16,12:14,2:25,4:13,5:57
Tue 9 Jan 2024,6:31,8:16,12:15,2:26,4:14,5:59
Wed 10 Jan 2024,6:31,8:15,12:15,2:28,4:15,6:00
Thu 11 Jan 2024,6:30,8:14,12:15,2:29,4:17,6:01
Fri 12 Jan 2024,6:30,8:14,12:16,2:31,4:18,6:02
Sat 13 Jan 2024,6:29,8:13,12:16,2:32,4:20,6:04
Sun 14 Jan 2024,6:29,8:12,12:17,2:33,4:21,6:05
Mon 15 Jan 2024,6:28,8:11,12:17,2:35,4:23,6:06
Tue 16 Jan 2024,6:28,8:11,12:17,2:36,4:25,6:07
Wed 17 Jan 2024,6:27,8:10,12:18,2:38,4:26,6:09
Thu 18 Jan 2024,6:26,8:09,12:18,2:40,4:28,6:10
Fri 19 Jan 2024,6:25,8:08,12:18,2:41,4:30,6:12
Sat 20 Jan 2024,6:25,8:06,12:19,2:43,4:31,6:13
Sun 21 Jan 2024,6:24,8:05,12:19,2:44,4:33,6:14
Mon 22 Jan 2024,6:23,8:04,12:19,2:46,4:35,6:16
Tue 23 Jan 2024,6:22,8:03,12:19,2:48,4:37,6:17
Wed 24 Jan 2024,6:21,8:02,12:20,2:49,4:38,6:19
Thu 25 Jan 2024,6:20,8:00,12:20,2:51,4:40,6:20
Fri 26 Jan 2024,6:19,7:59,12:20,2:53,4:42,6:22
Sat 27 Jan 2024,6:18,7:58,12:20,2:55,4:44,6:23
Sun 28 Jan 2024,6:17,7:56,12:20,2:56,4:46,6:25
Mon 29 Jan 2024,6:16,7:55,12:21,2:58,4:47,6:27
Tue 30 Jan 2024,6:14,7:53,12:21,3:00,4:49,6:28
Wed 31 Jan 2024,6:13,7:52,12:21,3:02,4:51,6:30
Thu 1 Feb 2024,6:12,7:50,12:21,3:03,4:53,6:31
Fri 2 Feb 2024,6:10,7:49,12:21,3:05,4:55,6:33
Sat 3 Feb 2024,6:09,7:47,12:21,3:07,4:57,6:35
Sun 4 Feb 2024,6:08,7:45,12:22,3:09,4:59,6:36
Mon 5 Feb 2024,6:06,7:44,12:22,3:10,5:01,6:38
Tue 6 Feb 2024,6:05,7:42,12:22,3:12,5:02,6:39
Wed 7 Feb 2024,6:03,7:40,12:22,3:14,5:04,6:41
Thu 8 Feb 2024,6:02,7:38,12:22,3:16,5:06,6:43
Fri 9 Feb 2024,6:00,7:36,12:22,3:18,5:08,6:44
Sat 10 Feb 2024,5:58,7:35,12:22,3:19,5:10,6:46
Sun 11 Feb 2024,5:57,7:33,12:22,3:21,5:12,6:48
Mon 12 Feb 2024,5:55,7:31,12:22,3:23,5:14,6:50
Tue 13 Feb 2024,5:53,7:29,12:22,3:25,5:16,6:51
Wed 14 Feb 2024,5:52,7:27,12:22,3:26,5:18,6:53
Thu 15 Feb 2024,5:50,7:25,12:22,3:28,5:20,6:55
Fri 16 Feb 2024,5:48,7:23,12:22,3:30,5:21,6:56
Sat 17 Feb 2024,5:46,7:21,12:22,3:32,5:23,6:58
Sun 18 Feb 2024,5:44,7:19,12:22,3:33,5:25,7:00
Mon 19 Feb 2024,5:42,7:17,12:22,3:35,5:27,7:02
Tue 20 Feb 2024,5:41,7:15,12:21,3:37,5:29,7:03
Wed 21 Feb 2024,5:39,7:13,12:21,3:39,5:31,7:05
Thu 22 Feb 2024,5:37,7:11,12:21,3:40,5:33,7:07
Fri 23 Feb 2024,5:35,7:08,12:21,3:42,5:35,7:09
Sat 24 Feb 2024,5:33,7:06,12:21,3:44,5:37,7:10
Sun 25 Feb 2024,5:30,7:04,12:21,3:45,5:38,7:12
Mon 26 Feb 2024,5:28,7:02,12:21,3:47,5:40,7:14
Tue 27 Feb 2024,5:26,7:00,12:20,3:49,5:42,7:16
Wed 28 Feb 2024,5:24,6:58,12:20,3:50,5:44,7:17
Thu 29 Feb 2024,5:22,6:55,12:20,3:52,5:46,7:19
Fri 1 Mar 2024,5:20,6:53,12:20,3:53,5:48,7:21
Sat 2 Mar 2024,5:18,6:51,12:20,3:55,5:49,7:23
Sun 3 Mar 2024,5:15,6:49,12:19,3:57,5:51,7:25
Mon 4 Mar 2024,5:13,6:46,12:19,3:58,5:53,7:27
Tue 5 Mar 2024,5:11,6:44,12:19,4:00,5:55,7:28
Wed 6 Mar 2024,5:09,6:42,12:19,4:01,5:57,7:30
Thu 7 Mar 2024,5:06,6:40,12:19,4:03,5:59,7:32
Fri 8 Mar 2024,5:04,6:37,12:18,4:04,6:00,7:34
Sat 9 Mar 2024,5:02,6:35,12:18,4:06,6:02,7:36
Sun 10 Mar 2024,4:59,6:33,12:18,4:07,6:04,7:38
Mon 11 Mar 2024,4:57,6:30,12:18,4:09,6:06,7:40
Tue 12 Mar 2024,4:54,6:28,12:17,4:10,6:07,7:41
Wed 13 Mar 2024,4:52,6:26,12:17,4:12,6:09,7:43
Thu 14 Mar 2024,4:49,6:23,12:17,4:13,6:11,7:45
Fri 15 Mar 2024,4:47,6:21,12:16,4:15,6:13,7:47
Sat 16 Mar 2024,4:44,6:19,12:16,4:16,6:15,7:49
Sun 17 Mar 2024,4:42,6:16,12:16,4:18,6:16,7:51
Mon 18 Mar 2024,4:39,6:14,12:16,4:19,6:18,7:53
Tue 19 Mar 2024,4:37,6:12,12:15,4:21,6:20,7:55
Wed 20 Mar 2024,4:34,6:09,12:15,4:22,6:22,7:57
Thu 21 Mar 2024,4:32,6:07,12:15,4:23,6:23,7:59
Fri 22 Mar 2024,4:29,6:05,12:14,4:25,6:25,8:01
Sat 23 Mar 2024,4:27,6:02,12:14,4:26,6:27,8:03
Sun 24 Mar 2024,4:24,6:00,12:14,4:28,6:29,8:05
Mon 25 Mar 2024,4:21,5:58,12:13,4:29,6:30,8:07
Tue 26 Mar 2024,4:19,5:55,12:13,4:30,6:32,8:09
Wed 27 Mar 2024,4:16,5:53,12:13,4:32,6:34,8:11
Thu 28 Mar 2024,4:13,5:50,12:13,4:33,6:36,8:13
Fri 29 Mar 2024,4:11,5:48,12:12,4:34,6:37,8:15
Sat 30 Mar 2024,4:08,5:46,12:12,4:36,6:39,8:17
Sun 31 Mar 2024,5:05,6:43,1:12,5:37,7:41,9:20
Mon 1 Apr 2024,5:02,6:41,1:11,5:38,7:43,9:22
Tue 2 Apr 2024,5:00,6:39,1:11,5:39,7:44,9:24
Wed 3 Apr 2024,4:57,6:36,1:11,5:41,7:46,9:26
Thu 4 Apr 2024,4:54,6:34,1:11,5:42,7:48,9:28
Fri 5 Apr 2024,4:51,6:32,1:10,5:43,7:50,9:31
Sat 6 Apr 2024,4:48,6:29,1:10,5:44,7:51,9:33
Sun 7 Apr 2024,4:46,6:27,1:10,5:46,7:53,9:35
Mon 8 Apr 2024,4:43,6:25,1:09,5:47,7:55,9:37
Tue 9 Apr 2024,4:40,6:23,1:09,5:48,7:57,9:40
Wed 10 Apr 2024,4:37,6:20,1:09,5:49,7:58,9:42
Thu 11 Apr 2024,4:34,6:18,1:09,5:51,8:00,9:44
Fri 12 Apr 2024,4:31,6:16,1:08,5:52,8:02,9:47
Sat 13 Apr 2024,4:28,6:14,1:08,5:53,8:04,9:49
Sun 14 Apr 2024,4:26,6:11,1:08,5:54,8:05,9:52
Mon 15 Apr 2024,4:23,6:09,1:08,5:55,8:07,9:54
Tue 16 Apr 2024,4:20,6:07,1:07,5:56,8:09,9:57
Wed 17 Apr 2024,4:17,6:05,1:07,5:58,8:11,9:59
Thu 18 Apr 2024,4:14,6:02,1:07,5:59,8:12,10:02
Fri 19 Apr 2024,4:11,6:00,1:07,6:00,8:14,10:04
Sat 20 Apr 2024,4:08,5:58,1:06,6:01,8:16,10:07
Sun 21 Apr 2024,4:05,5:56,1:06,6:02,8:18,10:09
Mon 22 Apr 2024,4:02,5:54,1:06,6:03,8:19,10:12
Tue 23 Apr 2024,3:59,5:52,1:06,6:04,8:21,10:15
Wed 24 Apr 2024,3:56,5:50,1:06,6:06,8:23,10:17
Thu 25 Apr 2024,3:53,5:48,1:06,6:07,8:24,10:20
Fri 26 Apr 2024,3:50,5:46,1:05,6:08,8:26,10:23
Sat 27 Apr 2024,3:47,5:44,1:05,6:09,8:28,10:25
Sun 28 Apr 2024,3:44,5:41,1:05,6:10,8:30,10:28
Mon 29 Apr 2024,3:41,5:40,1:05,6:11,8:31,10:31
Tue 30 Apr 2024,3:37,5:38,1:05,6:12,8:33,10:34
Wed 1 May 2024,3:34,5:36,1:05,6:13,8:35,10:37
Thu 2 May 2024,3:31,5:34,1:05,6:14,8:36,10:40
Fri 3 May 2024,3:28,5:32,1:05,6:15,8:38,10:43
Sat 4 May 2024,3:25,5:30,1:04,6:16,8:40,10:46
Sun 5 May 2024,3:22,5:28,1:04,6:17,8:42,10:49
Mon 6 May 2024,3:19,5:26,1:04,6:18,8:43,10:52
Tue 7 May 2024,3:15,5:24,1:04,6:19,8:45,10:55
Wed 8 May 2024,3:14,5:23,1:04,6:20,8:47,10:56
Thu 9 May 2024,3:13,5:21,1:04,6:21,8:48,10:56
Fri 10 May 2024,3:12,5:19,1:04,6:22,8:50,10:57
Sat 11 May 2024,3:11,5:17,1:04,6:23,8:51,10:58
Sun 12 May 2024,3:10,5:16,1:04,6:24,8:53,10:59
Mon 13 May 2024,3:09,5:14,1:04,6:25,8:55,11:00
Tue 14 May 2024,3:09,5:13,1:04,6:26,8:56,11:00
Wed 15 May 2024,3:08,5:11,1:04,6:27,8:58,11:01
Thu 16 May 2024,3:07,5:10,1:04,6:28,8:59,11:02
Fri 17 May 2024,3:06,5:08,1:04,6:29,9:01,11:03
Sat 18 May 2024,3:06,5:07,1:04,6:30,9:02,11:03
Sun 19 May 2024,3:05,5:05,1:04,6:30,9:04,11:04
Mon 20 May 2024,3:04,5:04,1:04,6:31,9:05,11:05
Tue 21 May 2024,3:04,5:03,1:04,6:32,9:07,11:06
Wed 22 May 2024,3:03,5:01,1:04,6:33,9:08,11:06
Thu 23 May 2024,3:02,5:00,1:04,6:34,9:10,11:07
Fri 24 May 2024,3:02,4:59,1:05,6:35,9:11,11:08
Sat 25 May 2024,3:01,4:58,1:05,6:35,9:12,11:09
Sun 26 May 2024,3:01,4:56,1:05,6:36,9:14,11:09
Mon 27 May 2024,3:00,4:55,1:05,6:37,9:15,11:10
Tue 28 May 2024,3:00,4:54,1:05,6:38,9:16,11:11
Wed 29 May 2024,2:59,4:53,1:05,6:38,9:17,11:11
Thu 30 May 2024,2:59,4:52,1:05,6:39,9:19,11:12
Fri 31 May 2024,2:59,4:52,1:05,6:40,9:20,11:13
Sat 1 Jun 2024,2:58,4:51,1:06,6:40,9:21,11:13
Sun 2 Jun 2024,2:58,4:50,1:06,6:41,9:22,11:14
Mon 3 Jun 2024,2:58,4:49,1:06,6:42,9:23,11:15
Tue 4 Jun 2024,2:57,4:49,1:06,6:42,9:24,11:15
Wed 5 Jun 2024,2:57,4:48,1:06,6:43,9:25,11:16
Thu 6 Jun 2024,2:57,4:47,1:06,6:44,9:26,11:16
Fri 7 Jun 2024,2:57,4:47,1:07,6:44,9:27,11:17
Sat 8 Jun 2024,2:57,4:46,1:07,6:45,9:28,11:17
Sun 9 Jun 2024,2:57,4:46,1:07,6:45,9:29,11:18
Mon 10 Jun 2024,2:56,4:45,1:07,6:46,9:29,11:18
Tue 11 Jun 2024,2:56,4:45,1:07,6:46,9:30,11:19
Wed 12 Jun 2024,2:56,4:45,1:08,6:47,9:31,11:19
Thu 13 Jun 2024,2:56,4:45,1:08,6:47,9:31,11:20
Fri 14 Jun 2024,2:56,4:44,1:08,6:47,9:32,11:20
Sat 15 Jun 2024,2:56,4:44,1:08,6:48,9:32,11:20
Sun 16 Jun 2024,2:56,4:44,1:09,6:48,9:33,11:21
Mon 17 Jun 2024,2:57,4:44,1:09,6:48,9:33,11:21
Tue 18 Jun 2024,2:57,4:44,1:09,6:49,9:34,11:21
Wed 19 Jun 2024,2:57,4:44,1:09,6:49,9:34,11:22
Thu 20 Jun 2024,2:57,4:45,1:09,6:49,9:34,11:22
Fri 21 Jun 2024,2:57,4:45,1:10,6:49,9:34,11:22
Sat 22 Jun 2024,2:57,4:45,1:10,6:50,9:34,11:22
Sun 23 Jun 2024,2:58,4:45,1:10,6:50,9:35,11:22
Mon 24 Jun 2024,2:58,4:46,1:10,6:50,9:35,11:22
Tue 25 Jun 2024,2:58,4:46,1:10,6:50,9:35,11:22
Wed 26 Jun 2024,2:59,4:47,1:11,6:50,9:34,11:23
Thu 27 Jun 2024,2:59,4:47,1:11,6:50,9:34,11:23
Fri 28 Jun 2024,2:59,4:48,1:11,6:50,9:34,11:23
Sat 29 Jun 2024,3:00,4:48,1:11,6:50,9:34,11:23
Sun 30 Jun 2024,3:00,4:49,1:11,6:50,9:34,11:22
Mon 1 Jul 2024,3:01,4:50,1:12,6:50,9:33,11:22
Tue 2 Jul 2024,3:01,4:51,1:12,6:50,9:33,11:22
Wed 3 Jul 2024,3:02,4:51,1:12,6:50,9:32,11:22
Thu 4 Jul 2024,3:02,4:52,1:12,6:50,9:32,11:22
Fri 5 Jul 2024,3:03,4:53,1:12,6:49,9:31,11:22
Sat 6 Jul 2024,3:03,4:54,1:13,6:49,9:31,11:22
Sun 7 Jul 2024,3:04,4:55,1:13,6:49,9:30,11:21
Mon 8 Jul 2024,3:04,4:56,1:13,6:49,9:29,11:21
Tue 9 Jul 2024,3:05,4:57,1:13,6:48,9:29,11:21
Wed 10 Jul 2024,3:05,4:58,1:13,6:48,9:28,11:20
Thu 11 Jul 2024,3:06,4:59,1:13,6:47,9:27,11:20
Fri 12 Jul 2024,3:07,5:00,1:13,6:47,9:26,11:20
Sat 13 Jul 2024,3:07,5:01,1:14,6:47,9:25,11:19
Sun 14 Jul 2024,3:08,5:03,1:14,6:46,9:24,11:19
Mon 15 Jul 2024,3:09,5:04,1:14,6:46,9:23,11:18
Tue 16 Jul 2024,3:09,5:05,1:14,6:45,9:22,11:18
Wed 17 Jul 2024,3:10,5:06,1:14,6:44,9:21,11:17
Thu 18 Jul 2024,3:11,5:08,1:14,6:44,9:20,11:17
Fri 19 Jul 2024,3:11,5:09,1:14,6:43,9:18,11:16
Sat 20 Jul 2024,3:12,5:10,1:14,6:43,9:17,11:15
Sun 21 Jul 2024,3:13,5:12,1:14,6:42,9:16,11:15
Mon 22 Jul 2024,3:14,5:13,1:14,6:41,9:14,11:14
Tue 23 Jul 2024,3:14,5:15,1:14,6:40,9:13,11:13
Wed 24 Jul 2024,3:15,5:16,1:14,6:39,9:12,11:13
Thu 25 Jul 2024,3:16,5:18,1:14,6:39,9:10,11:12
Fri 26 Jul 2024,3:16,5:19,1:14,6:38,9:09,11:11
Sat 27 Jul 2024,3:17,5:21,1:14,6:37,9:07,11:10
Sun 28 Jul 2024,3:18,5:22,1:14,6:36,9:05,11:10
Mon 29 Jul 2024,3:19,5:24,1:14,6:35,9:04,11:09
Tue 30 Jul 2024,3:19,5:25,1:14,6:34,9:02,11:08
Wed 31 Jul 2024,3:20,5:27,1:14,6:33,9:01,11:07
Thu 1 Aug 2024,3:21,5:28,1:14,6:32,8:59,11:06
Fri 2 Aug 2024,3:22,5:30,1:14,6:31,8:57,11:05
Sat 3 Aug 2024,3:22,5:32,1:14,6:30,8:55,11:04
Sun 4 Aug 2024,3:23,5:33,1:14,6:29,8:54,11:03
Mon 5 Aug 2024,3:26,5:35,1:14,6:27,8:52,10:59
Tue 6 Aug 2024,3:29,5:36,1:14,6:26,8:50,10:56
Wed 7 Aug 2024,3:32,5:38,1:13,6:25,8:48,10:53
Thu 8 Aug 2024,3:35,5:40,1:13,6:24,8:46,10:50
Fri 9 Aug 2024,3:38,5:41,1:13,6:23,8:44,10:47
Sat 10 Aug 2024,3:41,5:43,1:13,6:21,8:42,10:44
Sun 11 Aug 2024,3:43,5:45,1:13,6:20,8:40,10:41
Mon 12 Aug 2024,3:46,5:46,1:13,6:19,8:38,10:37
Tue 13 Aug 2024,3:49,5:48,1:12,6:17,8:36,10:34
Wed 14 Aug 2024,3:52,5:49,1:12,6:16,8:34,10:31
Thu 15 Aug 2024,3:54,5:51,1:12,6:14,8:32,10:28
Fri 16 Aug 2024,3:57,5:53,1:12,6:13,8:30,10:25
Sat 17 Aug 2024,4:00,5:54,1:12,6:11,8:28,10:22
Sun 18 Aug 2024,4:02,5:56,1:11,6:10,8:26,10:19
Mon 19 Aug 2024,4:05,5:58,1:11,6:08,8:24,10:16
Tue 20 Aug 2024,4:07,5:59,1:11,6:07,8:22,10:13
Wed 21 Aug 2024,4:10,6:01,1:11,6:05,8:19,10:10
Thu 22 Aug 2024,4:12,6:03,1:10,6:04,8:17,10:07
Fri 23 Aug 2024,4:15,6:04,1:10,6:02,8:15,10:04
Sat 24 Aug 2024,4:17,6:06,1:10,6:01,8:13,10:01
Sun 25 Aug 2024,4:20,6:08,1:10,5:59,8:11,9:58
Mon 26 Aug 2024,4:22,6:09,1:09,5:57,8:08,9:55
Tue 27 Aug 2024,4:25,6:11,1:09,5:56,8:06,9:52
Wed 28 Aug 2024,4:27,6:13,1:09,5:54,8:04,9:49
Thu 29 Aug 2024,4:29,6:14,1:08,5:52,8:02,9:46
Fri 30 Aug 2024,4:31,6:16,1:08,5:50,7:59,9:43
Sat 31 Aug 2024,4:34,6:18,1:08,5:49,7:57,9:41
Sun 1 Sep 2024,4:36,6:19,1:08,5:47,7:55,9:38
Mon 2 Sep 2024,4:38,6:21,1:07,5:45,7:52,9:35
Tue 3 Sep 2024,4:40,6:23,1:07,5:43,7:50,9:32
Wed 4 Sep 2024,4:43,6:24,1:07,5:41,7:48,9:29
Thu 5 Sep 2024,4:45,6:26,1:06,5:40,7:45,9:26
Fri 6 Sep 2024,4:47,6:28,1:06,5:38,7:43,9:23
Sat 7 Sep 2024,4:49,6:29,1:06,5:36,7:41,9:21
Sun 8 Sep 2024,4:51,6:31,1:05,5:34,7:38,9:18
Mon 9 Sep 2024,4:53,6:33,1:05,5:32,7:36,9:15
Tue 10 Sep 2024,4:55,6:34,1:04,5:30,7:34,9:12
Wed 11 Sep 2024,4:57,6:36,1:04,5:28,7:31,9:10
Thu 12 Sep 2024,4:59,6:38,1:04,5:26,7:29,9:07
Fri 13 Sep 2024,5:01,6:39,1:03,5:24,7:27,9:04
Sat 14 Sep 2024,5:03,6:41,1:03,5:22,7:24,9:01
Sun 15 Sep 2024,5:05,6:43,1:03,5:21,7:22,8:59
Mon 16 Sep 2024,5:07,6:44,1:02,5:19,7:19,8:56
Tue 17 Sep 2024,5:09,6:46,1:02,5:17,7:17,8:53
Wed 18 Sep 2024,5:11,6:48,1:02,5:15,7:15,8:51
Thu 19 Sep 2024,5:13,6:49,1:01,5:13,7:12,8:48
Fri 20 Sep 2024,5:15,6:51,1:01,5:11,7:10,8:45
Sat 21 Sep 2024,5:17,6:53,1:01,5:09,7:08,8:43
Sun 22 Sep 2024,5:19,6:54,1:00,5:07,7:05,8:40
Mon 23 Sep 2024,5:21,6:56,1:00,5:04,7:03,8:38
Tue 24 Sep 2024,5:23,6:58,1:00,5:02,7:00,8:35
Wed 25 Sep 2024,5:25,6:59,12:59,5:00,6:58,8:32
Thu 26 Sep 2024,5:27,7:01,12:59,4:58,6:56,8:30
Fri 27 Sep 2024,5:28,7:03,12:58,4:56,6:53,8:27
Sat 28 Sep 2024,5:30,7:04,12:58,4:54,6:51,8:25
Sun 29 Sep 2024,5:32,7:06,12:58,4:52,6:49,8:22
Mon 30 Sep 2024,5:34,7:08,12:57,4:50,6:46,8:20
Tue 1 Oct 2024,5:36,7:09,12:57,4:48,6:44,8:18
Wed 2 Oct 2024,5:37,7:11,12:57,4:46,6:42,8:15
Thu 3 Oct 2024,5:39,7:13,12:57,4:44,6:39,8:13
Fri 4 Oct 2024,5:41,7:15,12:56,4:42,6:37,8:10
Sat 5 Oct 2024,5:43,7:16,12:56,4:40,6:35,8:08
Sun 6 Oct 2024,5:44,7:18,12:56,4:38,6:32,8:06
Mon 7 Oct 2024,5:46,7:20,12:55,4:36,6:30,8:03
Tue 8 Oct 2024,5:48,7:21,12:55,4:34,6:28,8:01
Wed 9 Oct 2024,5:50,7:23,12:55,4:32,6:25,7:59
Thu 10 Oct 2024,5:51,7:25,12:55,4:30,6:23,7:57
Fri 11 Oct 2024,5:53,7:27,12:54,4:28,6:21,7:54
Sat 12 Oct 2024,5:55,7:28,12:54,4:26,6:19,7:52
Sun 13 Oct 2024,5:57,7:30,12:54,4:23,6:16,7:50
Mon 14 Oct 2024,5:58,7:32,12:54,4:21,6:14,7:48
Tue 15 Oct 2024,6:00,7:34,12:53,4:19,6:12,7:46
Wed 16 Oct 2024,6:02,7:36,12:53,4:17,6:10,7:43
Thu 17 Oct 2024,6:03,7:37,12:53,4:15,6:08,7:41
Fri 18 Oct 2024,6:05,7:39,12:53,4:13,6:05,7:39
Sat 19 Oct 2024,6:07,7:41,12:53,4:12,6:03,7:37
Sun 20 Oct 2024,6:08,7:43,12:52,4:10,6:01,7:35
Mon 21 Oct 2024,6:10,7:44,12:52,4:08,5:59,7:33
Tue 22 Oct 2024,6:12,7:46,12:52,4:06,5:57,7:31
Wed 23 Oct 2024,6:13,7:48,12:52,4:04,5:55,7:29
Thu 24 Oct 2024,6:15,7:50,12:52,4:02,5:53,7:28
Fri 25 Oct 2024,6:17,7:52,12:52,4:00,5:51,7:26
Sat 26 Oct 2024,6:18,7:54,12:52,3:58,5:49,7:24
Sun 27 Oct 2024,5:20,6:55,11:51,2:56,4:47,6:22
Mon 28 Oct 2024,5:22,6:57,11:51,2:54,4:45,6:20
Tue 29 Oct 2024,5:23,6:59,11:51,2:53,4:43,6:18
Wed 30 Oct 2024,5:25,7:01,11:51,2:51,4:41,6:17
Thu 31 Oct 2024,5:27,7:03,11:51,2:49,4:39,6:15
Fri 1 Nov 2024,5:28,7:05,11:51,2:47,4:37,6:13
Sat 2 Nov 2024,5:30,7:06,11:51,2:45,4:35,6:12
Sun 3 Nov 2024,5:31,7:08,11:51,2:44,4:33,6:10
Mon 4 Nov 2024,5:33,7:10,11:51,2:42,4:32,6:09
Tue 5 Nov 2024,5:35,7:12,11:51,2:40,4:30,6:07
Wed 6 Nov 2024,5:36,7:14,11:51,2:39,4:28,6:06
Thu 7 Nov 2024,5:38,7:15,11:51,2:37,4:26,6:04
Fri 8 Nov 2024,5:39,7:17,11:51,2:36,4:25,6:03
Sat 9 Nov 2024,5:41,7:19,11:52,2:34,4:23,6:01
Sun 10 Nov 2024,5:42,7:21,11:52,2:33,4:21,6:00
Mon 11 Nov 2024,5:44,7:23,11:52,2:31,4:20,5:59
Tue 12 Nov 2024,5:45,7:25,11:52,2:30,4:18,5:58
Wed 13 Nov 2024,5:47,7:26,11:52,2:28,4:17,5:56
Thu 14 Nov 2024,5:48,7:28,11:52,2:27,4:15,5:55
Fri 15 Nov 2024,5:50,7:30,11:52,2:26,4:14,5:54
Sat 16 Nov 2024,5:51,7:32,11:53,2:24,4:13,5:53
Sun 17 Nov 2024,5:53,7:33,11:53,2:23,4:11,5:52
Mon 18 Nov 2024,5:54,7:35,11:53,2:22,4:10,5:51
Tue 19 Nov 2024,5:56,7:37,11:53,2:21,4:09,5:50
Wed 20 Nov 2024,5:57,7:39,11:53,2:19,4:07,5:49
Thu 21 Nov 2024,5:59,7:40,11:54,2:18,4:06,5:48
Fri 22 Nov 2024,6:00,7:42,11:54,2:17,4:05,5:47
Sat 23 Nov 2024,6:01,7:44,11:54,2:16,4:04,5:46
Sun 24 Nov 2024,6:03,7:45,11:54,2:15,4:03,5:46
Mon 25 Nov 2024,6:04,7:47,11:55,2:14,4:02,5:45
Tue 26 Nov 2024,6:05,7:48,11:55,2:14,4:01,5:44
Wed 27 Nov 2024,6:07,7:50,11:55,2:13,4:00,5:44
Thu 28 Nov 2024,6:08,7:52,11:56,2:12,3:59,5:43
Fri 29 Nov 2024,6:09,7:53,11:56,2:11,3:59,5:43
Sat 30 Nov 2024,6:10,7:55,11:56,2:11,3:58,5:42
Sun 1 Dec 2024,6:12,7:56,11:57,2:10,3:57,5:42
Mon 2 Dec 2024,6:13,7:57,11:57,2:09,3:57,5:41
Tue 3 Dec 2024,6:14,7:59,11:58,2:09,3:56,5:41
Wed 4 Dec 2024,6:15,8:00,11:58,2:08,3:56,5:41
Thu 5 Dec 2024,6:16,8:01,11:58,2:08,3:55,5:40
Fri 6 Dec 2024,6:17,8:03,11:59,2:08,3:55,5:40
Sat 7 Dec 2024,6:18,8:04,11:59,2:07,3:54,5:40
Sun 8 Dec 2024,6:19,8:05,12:00,2:07,3:54,5:40
Mon 9 Dec 2024,6:20,8:06,12:00,2:07,3:54,5:40
Tue 10 Dec 2024,6:21,8:07,12:01,2:07,3:54,5:40
Wed 11 Dec 2024,6:22,8:08,12:01,2:07,3:54,5:40
Thu 12 Dec 2024,6:23,8:09,12:02,2:07,3:54,5:40
Fri 13 Dec 2024,6:24,8:10,12:02,2:07,3:54,5:40
Sat 14 Dec 2024,6:25,8:11,12:03,2:07,3:54,5:40
Sun 15 Dec 2024,6:25,8:12,12:03,2:07,3:54,5:41
Mon 16 Dec 2024,6:26,8:13,12:04,2:07,3:54,5:41
Tue 17 Dec 2024,6:27,8:14,12:04,2:07,3:54,5:41
Wed 18 Dec 2024,6:27,8:14,12:04,2:08,3:55,5:42
Thu 19 Dec 2024,6:28,8:15,12:05,2:08,3:55,5:42
Fri 20 Dec 2024,6:29,8:16,12:05,2:09,3:55,5:42
Sat 21 Dec 2024,6:29,8:16,12:06,2:09,3:56,5:43
Sun 22 Dec 2024,6:30,8:17,12:06,2:10,3:56,5:43
Mon 23 Dec 2024,6:30,8:17,12:07,2:10,3:57,5:44
Tue 24 Dec 2024,6:30,8:17,12:07,2:11,3:58,5:45
Wed 25 Dec 2024,6:31,8:18,12:08,2:12,3:58,5:45
Thu 26 Dec 2024,6:31,8:18,12:08,2:12,3:59,5:46
Fri 27 Dec 2024,6:31,8:18,12:09,2:13,4:00,5:47
Sat 28 Dec 2024,6:32,8:18,12:09,2:14,4:01,5:47
Sun 29 Dec 2024,6:32,8:18,12:10,2:15,4:02,5:48
Mon 30 Dec 2024,6:32,8:18,12:10,2:16,4:03,5:49
Tue 31 Dec 2024,6:32,8:18,12:11,2:17,4:04,5:50
